<?xml  version="1.0" encoding="UTF-8"?>
<beans xmlns="http://www.springframework.org/schema/beans"
	xmlns:xsi="http://www.w3.org/2001/XMLSchema-instance"
	xmlns:context="http://www.springframework.org/schema/context"
	xmlns:mvc="http://www.springframework.org/schema/mvc"
	xsi:schemaLocation="http://www.springframework.org/schema/beans 
		http://www.springframework.org/schema/beans/spring-beans-3.0.xsd
		http://www.springframework.org/schema/context 
		http://www.springframework.org/schema/context/spring-context-3.0.xsd
		http://www.springframework.org/schema/mvc 
		http://www.springframework.org/schema/mvc/spring-mvc-3.0.xsd">

	   <context:component-scan base-package="com.aaq.controller"/> 
		<mvc:annotation-driven />
	<context:annotation-config /> 
 
		
	<bean id="viewResolver"
    	class="org.springframework.web.servlet.view.UrlBasedViewResolver">
    	
    	  <property name="viewClass">
	        <value>
	            org.springframework.web.servlet.view.tiles2.TilesView
	        </value> 
	    </property>
	    </bean>  
	 
	<bean id="tilesConfigurer"
	    class="org.springframework.web.servlet.view.tiles2.TilesConfigurer">
	    <property name="definitions">
	        <list>
	            <value>/WEB-INF/tiles.xml</value>
	        </list>
	    </property>
	</bean >
	
	
	
	 <bean id="beddao" class="com.aaqa.dao.BedDAO"></bean>
	 <bean id="operativeNotesService" class="com.aaqa.service.OperativeNotesService"/>
     <bean id="dischargeDetailsService" class="com.aaqa.service.DischargeDetailsService"/>
	<bean id="patientSearchService" class="com.aaqa.service.PatientSearchService"/>
   	<bean id="patientService" class="com.aaqa.service.PatientDetailsService"/>
	<bean class="com.aaqa.service.TestDetailsService" id="testDetailsService"/>
 	<bean id="admissionService" class="com.aaqa.service.AdmissionDetailsService"></bean>
 	<bean id="appointmentService" class="com.aaqa.service.AppointmentService"></bean>
 	<bean id="paginationService" class="com.aaqa.service.PaginationService"></bean>
 	<bean id="accountDetailsService" class="com.aaqa.service.AccountDetailsService"></bean>
 	<bean id="bedService" class="com.aaqa.service.BedService"></bean>
 	<bean id="visitDetailsService" class="com.aaqa.service.VisitDetailsService"></bean>
 	 
 	 
 	  <bean id="operatvieNotesDao" class="com.aaqa.dao.OperatvieNotesDao"/>
 	 <bean id="dischargeDetailsDao" class="com.aaqa.dao.DischargeDetailsDao"/>
 	<bean id="patientSearchDao" class="com.aaqa.dao.PatientSearchDao"/>
 	<bean id="loginDao" class="com.aaqa.dao.LoginDAO"/>
 	<bean id="patientDAO" class="com.aaqa.dao.PatientDAO"/>
  	<bean id="appointmentDAO" class="com.aaqa.dao.AppointmentDAO"/>
  	<bean id="accountDAO" class="com.aaqa.dao.AccountDetailsDao"/>
 	<bean class="com.aaqa.dao.TestDAO" id="testDao"/>
	<bean id="admissionDAO" class="com.aaqa.dao.AdmissionDAO"/>
 	<bean id="consentService" class="com.aaqa.service.ConsentService"></bean>
    <bean id="consentDAO" class="com.aaqa.dao.ConsentDAO"/>
    <bean id="bedDao" class="com.aaqa.dao.BedDAO"></bean>
    <bean id="visitDao" class="com.aaqa.dao.VisitDao"></bean>
    
	 
   
	    
 <bean id="ds" class="org.apache.commons.dbcp.BasicDataSource" 
	destroy-method="close" >
   <property name="url" value="jdbc:mysql://localhost:3306/hms" />
   <property name="driverClassName" value="com.mysql.jdbc.Driver" />
   <property name="username" value="root" />
   <property name="password" value="root" />
   <property name="removeAbandoned" value="true"/>
   <property name="initialSize" value="20" />
   <property name="maxActive" value="30" />
</bean>
<bean id="hibernateTemplate" class="org.springframework.orm.hibernate3.HibernateTemplate">
  	<constructor-arg ref="sessionFactory"/>
  </bean>
  

  <bean id="sessionFactory" class="org.springframework.orm.hibernate3.annotation.AnnotationSessionFactoryBean">
    <property name="dataSource" ref="ds"/>
    
    <property name="hibernateProperties">
			 <props>
			    <prop key="hibernate.dialect">org.hibernate.dialect.MySQLDialect</prop> 
			    <prop key="hibernate.show_sql">true</prop> 
			    <prop key="connection.autocommit">true</prop> 
		  	 </props>
     </property>

		<property name="annotatedClasses">
			<list>
			<value>com.aaqa.pojo.LoginPojo</value>
			<value>com.aaqa.pojo.DischargeDetailsPopupHeaderPojo</value> 
 		     <value>com.aaqa.pojo.DischargeDetailsPopupPojo</value> 
				<value>com.aqaa.com.entity.PersonEntity</value>
				<value>com.aqaa.com.entity.PatientEntity</value>
				<value>com.aqaa.com.entity.TypeMetaEntity</value>
				<value>com.aqaa.com.entity.TitleMetaEntity</value>
				<value>com.aqaa.com.entity.GenderMetaEntity</value>
				<value>com.aqaa.com.entity.BloodGroupMetaEntity</value>
				<value>com.aqaa.com.entity.MstatusMetaEntity</value>
				<value>com.aqaa.com.entity.FinstatusMetaEntity</value>
				<value>com.aqaa.com.entity.CastcatMeta</value>
				<value>com.aqaa.com.entity.OcupationMeta</value>
				<value>com.aqaa.com.entity.AlergyMetaEntity</value>
				<value>com.aqaa.com.entity.CityMetaEntity</value>
				<value>com.aqaa.com.entity.CountryMetaEntity</value>
				<value>com.aqaa.com.entity.DistrictMetaEntity</value>
				<value>com.aqaa.com.entity.AddressEntity</value>
				<value>com.aqaa.com.entity.StateMetaEntity</value>
				<value>com.aqaa.com.entity.ContactEntity</value>
	            <value>com.aqaa.com.entity.AdmissionEntity</value>
				<value>com.aqaa.com.entity.AdmittingConsultantMetaEntity</value>
				<value>com.aqaa.com.entity.ClassMetaEntity</value>
				<value>com.aqaa.com.entity.OperationTypeMetaEntity</value>
				<value>com.aqaa.com.entity.StatusMetaEntity</value>
				<value>com.aqaa.com.entity.WardMetaEntity</value>
				<value>com.aqaa.com.entity.TestEntity</value>
				<value>com.aqaa.com.entity.DoneByEntity</value>
				<value>com.aqaa.com.entity.DocDesignationEntity</value>
				<value>com.aaqa.pojo.Test_TestDetails_Pojo</value>
				 <value>com.aaqa.pojo.ConsentMasterPopupPojo</value> 
			 	<value>com.aaqa.pojo.ConsentFormPopupPojo</value> 
				<value>com.aqaa.com.entity.DoctorEntity</value>
				<value>com.aqaa.com.entity.AppointmentEntity</value>
				<value>com.aqaa.com.entity.ShiftMetaEntity</value>
				<value>com.aqaa.com.entity.AppointmentForEntity</value>
				<value>com.aqaa.com.entity.AppointmentStatusMetaEntity</value>
				 <value>com.aaqa.pojo.TestSearchPojo</value> 
				 <value>com.aqaa.com.entity.CaseTypeMetaEntity</value> 
		 <value>com.aqaa.com.entity.BillTypeMetaEntity</value> 
		 <value>com.aqaa.com.entity.PaymentByMetaEntity</value> 
		     	<value>com.aqaa.com.entity.TypeofMetaEntity</value> 
				 <value>com.aqaa.com.entity.AccountBillingDetailsEntity</value> 
				 <value>com.aqaa.com.entity.PeriodEntity</value> 
				<value>com.aaqa.pojo.OperativeNotesPojo</value>
				<value>com.aqaa.com.entity.AnasthesiaTechniqueMetaEntity</value>
				<value>com.aqaa.com.entity.AnaesthesiologistMetaEntity</value>
				<value>com.aqaa.com.entity.NatureMetaEntity</value>
				<value>com.aqaa.com.entity.OperationAtMetaEntity</value>
				<value>com.aqaa.com.entity.OtNoMetaEntity</value>
				<value>com.aqaa.com.entity.PressureMetaEntity</value>
				<value>com.aqaa.com.entity.PulseMetaEntity</value>
				<value>com.aqaa.com.entity.OperationTypeMetaEntity</value>
				<value>com.aqaa.com.entity.AssistantMetaEntity</value>
				<value>com.aqaa.com.entity.SurgeonMetaEntity</value>
				<value>com.aqaa.com.entity.VisitTypeMetaEntity</value>
				<value>com.aqaa.com.entity.VisitEntity</value>
				<value>com.aqaa.com.entity.VisitComplaintsEntity</value> 
				<value>com.aqaa.com.entity.MedicationCategoryMetaEntity</value>
				<value>com.aqaa.com.entity.MedicationDurationMetaEntity</value>
				<value>com.aqaa.com.entity.MedicationRemarksMetaEntity</value>
				<value>com.aqaa.com.entity.MedicationStrengthMetaEntity</value>
				<value>com.aqaa.com.entity.MedicationTypeMetaEntity</value>
				<value>com.aqaa.com.entity.MedicineMetaEntity</value>
				<value>com.aqaa.com.entity.DosageMetaEntity</value>
				<value>com.aqaa.com.entity.DoseRemarksMetaEntity</value>
				<value>com.aqaa.com.entity.FollowUpAfterMetaEntity</value>
				<value>com.aqaa.com.entity.MedicationEntity</value>
				<value>com.aqaa.com.entity.BedMetaEntity</value>
				<value>com.aqaa.com.entity.BedEntity</value>
			    <value>com.aqaa.com.entity.AdmissionSearchEntity</value> 
				<value>com.aaqa.pojo.AdmissionSearchPojo</value> 
				 <value>com.aqaa.com.entity.BillingChargesEntity</value> 				
				<value>com.aqaa.com.entity.DischargeSearchMetaEntity</value> 
			 	<value>com.aqaa.com.entity.PatientSearchMetaEntity</value> 
			
			</list>
		</property>
 </bean>
 
 <bean id="commonClass" class="com.aaqa.customtag.CommonClass"></bean>
 <bean id="metaInfoTag" class="com.aaqa.customtag.MetaInfoTag"></bean>
 <bean id="container" class="org.springframework.context.support.ClassPathXmlApplicationContext"></bean>

 <bean id="PatientInfo" class="com.aaqa.pojo.PatientInfoPojo"/>
 <bean id="AdimissionPojo" class="com.aaqa.pojo.AdmissionDetailsPopUpPojo"/>
 <bean id="appoinmentPopupPojo" class="com.aaqa.pojo.AppointmentPopupPojo"/>
 <bean id="accountBillingDetailsPojo" class="com.aaqa.pojo.AccountBillingDetailsPojo"/>
 <bean id="dischargeDetailsPopupPojo"  class="com.aaqa.pojo.DischargeDetailsPopupPojo"></bean>
     <bean id="dischargeDetailsPopupHeaderPojo"  class="com.aaqa.pojo.DischargeDetailsPopupHeaderPojo"/>
       <bean id="operativeNotesPojo"  class="com.aaqa.pojo.OperativeNotesPojo"/>
       
       	 <bean id="mailer" class="com.aaqa.mail.Mailer">
       		<property name="mailSender" ref="sender"/>
       	</bean>
       	<bean id="sender" class="org.springframework.mail.javamail.JavaMailSenderImpl">
       		<property name="host" value="smtp.gmail.com"/>
       		<property name="port" value="587"/>
       		<property name="username" value="rahimuddin.java@gmail.com"/>
       		<property name="password" value="8712283550"/>
       		<property name="javaMailProperties">
       			<props>
       				<prop key="mail.smtp.auth">true</prop>
       				<prop key="mail.smtp.starttls.enable">true</prop>
       			</props>
       		</property>
       	</bean>
       	
       	  <bean id="messageSource" class="org.springframework.context.support.ReloadableResourceBundleMessageSource">
<property name="basename" value="classpath:message"></property>
<property name="defaultEncoding" value="UTF-8"></property>

</bean>
  <bean id="localeResolver" class="org.springframework.web.servlet.i18n.CookieLocaleResolver"></bean>

       	
       	
         </beans>
