<?xml version="1.0" encoding="UTF-8" ?>
<!DOCTYPE tiles-definitions PUBLIC
       "-//Apache Software Foundation//DTD Tiles Configuration 2.0//EN"
       "http://tiles.apache.org/dtds/tiles-config_2_0.dtd">
<tiles-definitions>
<definition name="springexception"
		template="/WEB-INF/jsp/layout.jsp">
		<put-attribute name="title" value="login page" />
		<put-attribute name="header" value="" />
		<put-attribute name="leftmenu" value="" />
		<put-attribute name="body" value="/WEB-INF/jsp/springException.jsp"/>
		<put-attribute name="footer" value="" />
	</definition>
    <definition name="files"
		template="/WEB-INF/jsp/layout.jsp">
		<put-attribute name="title" value="login page" />
		<put-attribute name="header" value="" />
		<put-attribute name="leftmenu" value="" />
		<put-attribute name="body" value="/WEB-INF/jsp/uploadedFiles.jsp" />
		<put-attribute name="footer" value="" />
	</definition>
	<definition name="login"
		template="/WEB-INF/jsp/loginLayout.jsp">
		<put-attribute name="title" value="login page" />
		<put-attribute name="header" value="/WEB-INF/jsp/loginHeader.jsp" />
		<put-attribute name="leftmenu" value="" />
		<put-attribute name="body" value="/WEB-INF/jsp/login.jsp" />
		<put-attribute name="footer" value="" />
	</definition>
	
	<definition name="homePage" template="/WEB-INF/jsp/layout.jsp">
		<put-attribute name="title" value="HMS management" />
		<put-attribute name="header" value="/WEB-INF/jsp/header.jsp" />
		<put-attribute name="leftmenu" value="/WEB-INF/jsp/leftmenu_main.jsp" />
		<put-attribute name="body" value="/WEB-INF/jsp/AppointmentList.jsp" />
		<put-attribute name="footer" value="/WEB-INF/jsp/footer.jsp" />
	</definition>
	<definition name="patientDetails"
	 template="/WEB-INF/jsp/layout.jsp">
		<put-attribute name="title" value="HMS management" />
		<put-attribute name="header" value="/WEB-INF/jsp/header.jsp" />
		<put-attribute name="leftmenu" value="/WEB-INF/jsp/leftmenu_main.jsp" />
		<put-attribute name="body" value="/WEB-INF/jsp/PatientDetails.jsp" />
		<put-attribute name="footer" value="/WEB-INF/jsp/footer.jsp" />
	</definition>
	<definition name="test" 
		template="/WEB-INF/jsp/layout.jsp">
		<put-attribute name="title" value="HMS management" />
		<put-attribute name="header" value="/WEB-INF/jsp/header.jsp" />
		<put-attribute name="leftmenu" value="/WEB-INF/jsp/leftmenu_main.jsp" />
		<put-attribute name="body" value="/WEB-INF/jsp/tests.jsp" />
		<put-attribute name="footer" value="/WEB-INF/jsp/footer.jsp" />
	</definition>
	<definition name="admissiondetails" 
		template="/WEB-INF/jsp/layout.jsp">
		<put-attribute name="title" value="HMS management" />
		<put-attribute name="header" value="/WEB-INF/jsp/header.jsp" />
		<put-attribute name="leftmenu" value="/WEB-INF/jsp/leftmenu_main.jsp" />
		<put-attribute name="body" value="/WEB-INF/jsp/admissiondetails.jsp" />
		<put-attribute name="footer" value="/WEB-INF/jsp/footer.jsp" />
	</definition>
	
	<definition name="admissionDetailsPopUp" 
		template="/WEB-INF/jsp/patientLayout.jsp">
		<put-attribute name="title" value="HMS management" />
		<put-attribute name="header" value="" />
		<put-attribute name="leftmenu" value="" />
		<put-attribute name="body" value="/WEB-INF/jsp/popup/admissionDetailsPopUp.jsp" />
		<put-attribute name="footer" value="/WEB-INF/jsp/footer.jsp" />
	</definition>
	
		<definition name="roundNotesDetails" 
		template="/WEB-INF/jsp/layout.jsp">
		<put-attribute name="title" value="HMS management" />
		<put-attribute name="header" value="/WEB-INF/jsp/header.jsp" />
		<put-attribute name="leftmenu" value="/WEB-INF/jsp/leftmenu_main.jsp" />
		<put-attribute name="body" value="/WEB-INF/jsp/roundNotesDetails.jsp" />
		<put-attribute name="footer" value="/WEB-INF/jsp/footer.jsp" />
	</definition>
	

<definition name="bedStatusPopUp" 
		template="/WEB-INF/jsp/layout1.jsp">
		<put-attribute name="title" value="HMS management" />
		<put-attribute name="header" value="" />
		<put-attribute name="body" value="/WEB-INF/jsp/popup/bedStatus.jsp" />
		<put-attribute name="footer" value="/WEB-INF/jsp/footer.jsp" />
</definition>
<definition name="visitDetails" 
		template="/WEB-INF/jsp/layout.jsp">
		<put-attribute name="title" value="HMS management" />
		<put-attribute name="header" value="/WEB-INF/jsp/header.jsp" />
		<put-attribute name="leftmenu" value="/WEB-INF/jsp/leftmenu_main.jsp" />
		<put-attribute name="body" value="/WEB-INF/jsp/VisitDetails.jsp" />
		<put-attribute name="footer" value="/WEB-INF/jsp/footer.jsp" />
	</definition>
	<definition name="vaccinationChartDetails" 
		template="/WEB-INF/jsp/layout.jsp">
		<put-attribute name="title" value="HMS management" />
		<put-attribute name="header" value="/WEB-INF/jsp/header.jsp" />
		<put-attribute name="leftmenu" value="/WEB-INF/jsp/leftmenu_main.jsp" />
		<put-attribute name="body" value="/WEB-INF/jsp/VaccinationChartDetails.jsp" />
		<put-attribute name="footer" value="/WEB-INF/jsp/footer.jsp" />
	</definition>
	<definition name="operativenotes" 
		template="/WEB-INF/jsp/layout.jsp">
		<put-attribute name="title" value="HMS management" />
		<put-attribute name="header" value="/WEB-INF/jsp/header.jsp" />
		<put-attribute name="leftmenu" value="/WEB-INF/jsp/leftmenu_main.jsp" />
		<put-attribute name="body" value="/WEB-INF/jsp/operativeNotes.jsp" />
		<put-attribute name="footer" value="/WEB-INF/jsp/footer.jsp" />
	</definition>
	<definition name="roundnotes" 
		template="/WEB-INF/jsp/layout.jsp">
		<put-attribute name="title" value="HMS management" />
		<put-attribute name="header" value="/WEB-INF/jsp/header.jsp" />
		<put-attribute name="leftmenu" value="/WEB-INF/jsp/leftmenu_main.jsp" />
		<put-attribute name="body" value="/WEB-INF/jsp/roundnotes.jsp" />
		<put-attribute name="footer" value="/WEB-INF/jsp/footer.jsp" />
	</definition>
	<!-- round notes popup -->
	<definition name="roundNotesPopup" 
		template="/WEB-INF/jsp/layout1.jsp">
		<put-attribute name="title" value="HMS management" />
		<put-attribute name="body" value="/WEB-INF/jsp/popup/roundNotesPopup.jsp" />
		<put-attribute name="footer" value="/WEB-INF/jsp/footer.jsp" />
	</definition>
		<definition name="roundNotesPopup_ExternalMedicationTab" 
		template="/WEB-INF/jsp/layout.jsp">
		<put-attribute name="title" value="HMS management" />
		<put-attribute name="header" value="" />
		<put-attribute name="leftmenu" value="" />
		<put-attribute name="body" value="/WEB-INF/jsp/popup/roundNotesPopup_ExternalMedicationTab.jsp" />
		<put-attribute name="footer" value="/WEB-INF/jsp/footer.jsp" />
	</definition>
	
		<definition name="discharge" 
		template="/WEB-INF/jsp/layout.jsp">
		<put-attribute name="title" value="HMS management" />
		<put-attribute name="header" value="/WEB-INF/jsp/header.jsp" />
		<put-attribute name="leftmenu" value="/WEB-INF/jsp/leftmenu_main.jsp" />
		<put-attribute name="body" value="/WEB-INF/jsp/DischargeDetails.jsp" />
		<put-attribute name="footer" value="/WEB-INF/jsp/footer.jsp" />
	</definition>
	<definition name="appointmentDetailsPopUp" 
		template="/WEB-INF/jsp/layout1.jsp">
		<put-attribute name="title" value="HMS management" />
		<put-attribute name="header" value="" />
		<put-attribute name="body" value="/WEB-INF/jsp/popup/Appointment.jsp" />
		<put-attribute name="footer" value="/WEB-INF/jsp/footer.jsp" />
	</definition>
	<definition name="displayTestDetailsPopUp" 
		template="/WEB-INF/jsp/layout1.jsp">
		<put-attribute name="title" value="HMS management" />
		<put-attribute name="body" value="/WEB-INF/jsp/popup/TestDetails.jsp" />
		<put-attribute name="footer" value="/WEB-INF/jsp/footer.jsp" />
	</definition>
	<definition name="consentMenu" 
		template="/WEB-INF/jsp/layout.jsp">
		<put-attribute name="title" value="HMS management" />
		<put-attribute name="header" value="/WEB-INF/jsp/header.jsp" />
		<put-attribute name="leftmenu" value="/WEB-INF/jsp/leftmenu_consent.jsp" />
		<put-attribute name="body" value="/WEB-INF/jsp/consentmaster.jsp" />
		<put-attribute name="footer" value="/WEB-INF/jsp/footer.jsp" />
	</definition>
<definition name="accountsMenu" 
		template="/WEB-INF/jsp/layout.jsp">
		<put-attribute name="title" value="HMS management" />
		<put-attribute name="header" value="/WEB-INF/jsp/header.jsp" />
		<put-attribute name="leftmenu" value="/WEB-INF/jsp/leftmenu_accounts.jsp" />
		<put-attribute name="body" value="" />
		<put-attribute name="footer" value="/WEB-INF/jsp/footer.jsp" />
	</definition>
<definition name="reportsMenu" 
		template="/WEB-INF/jsp/layout.jsp">
		<put-attribute name="title" value="HMS management" />
		<put-attribute name="header" value="/WEB-INF/jsp/header.jsp" />
		<put-attribute name="leftmenu" value="/WEB-INF/jsp/leftmenu_reports.jsp" />
		<put-attribute name="body" value="" />
		<put-attribute name="footer" value="/WEB-INF/jsp/footer.jsp" />
	</definition>
<definition name="mastersLeftMenu" 
		template="/WEB-INF/jsp/layout.jsp">
		<put-attribute name="title" value="HMS management" />
		<put-attribute name="header" value="/WEB-INF/jsp/header.jsp" />
		<put-attribute name="leftmenu" value="/WEB-INF/jsp/leftmenu_masters.jsp" />
		<put-attribute name="body" value="" />
		<put-attribute name="footer" value="/WEB-INF/jsp/footer.jsp" />
	</definition>
<definition name="utilitiesMenu" 
		template="/WEB-INF/jsp/layout.jsp">
		<put-attribute name="title" value="HMS management" />
		<put-attribute name="header" value="/WEB-INF/jsp/header.jsp" />
		<put-attribute name="leftmenu" value="/WEB-INF/jsp/leftmenu_utilities.jsp" />
		<put-attribute name="body" value="" />
		<put-attribute name="footer" value="/WEB-INF/jsp/footer.jsp" />
	</definition>
<definition name="mainMenu" 
		template="/WEB-INF/jsp/layout.jsp">
		<put-attribute name="title" value="HMS management" />
		<put-attribute name="header" value="/WEB-INF/jsp/header.jsp" />
		<put-attribute name="leftmenu" value="/WEB-INF/jsp/leftmenu_main.jsp" />
		<put-attribute name="body" value="/WEB-INF/jsp/AppointmentList.jsp" />
		<put-attribute name="footer" value="/WEB-INF/jsp/footer.jsp" />
	</definition>
	<!-- <definition name="operativeNotesPopup" 
		template="/WEB-INF/jsp/layout.jsp">
		<put-attribute name="title" value="HMS management" />
		<put-attribute name="header" value="" />
		<put-attribute name="leftmenu" value="" />
		<put-attribute name="body" value="/WEB-INF/jsp/popup/OperativeNotesPopup.jsp" />
		<put-attribute name="footer" value="/WEB-INF/jsp/footer.jsp" />
	</definition> -->
		<definition name="operativeNotesPopup" 
		template="/WEB-INF/jsp/patientLayout.jsp">
		<put-attribute name="title" value="HMS management" />
		<put-attribute name="header" value="/WEB-INF/jsp/popup/OperativeNotesPopupHeader.jsp" />
		<put-attribute name="leftmenu" value="" />
		<put-attribute name="body" value="/WEB-INF/jsp/subpopups/OperationDeatails-I.jsp" />
		<put-attribute name="footer" value="/WEB-INF/jsp/footer.jsp" />
	</definition>
	
	<definition name="operativeNotesPopup1" 
		template="/WEB-INF/jsp/patientLayout.jsp">
		<put-attribute name="title" value="HMS management" />
		<put-attribute name="header" value="/WEB-INF/jsp/popup/OperativeNotesPopupHeader.jsp" />
		<put-attribute name="leftmenu" value="" />
		<put-attribute name="body" value="/WEB-INF/jsp/subpopups/OperationDeatails-I.jsp" />
		<put-attribute name="footer" value="/WEB-INF/jsp/footer.jsp" />
	</definition>
	<definition name="operativeNotesPopup2" 
		template="/WEB-INF/jsp/patientLayout.jsp">
		<put-attribute name="title" value="HMS management" />
		<put-attribute name="header" value="/WEB-INF/jsp/popup/OperativeNotesPopupHeader.jsp" />
		<put-attribute name="leftmenu" value="" />
		<put-attribute name="body" value="/WEB-INF/jsp/subpopups/OperationDeatails-II.jsp" />
		<put-attribute name="footer" value="/WEB-INF/jsp/footer.jsp" />
	</definition>
	
	<definition name="patientDetailsPopUp" 
		template="/WEB-INF/jsp/layout1.jsp">
		<put-attribute name="title" value="HMS management" />
		<put-attribute name="body" value="/WEB-INF/jsp/popup/PatientDetails.jsp" />
		<put-attribute name="footer" value="/WEB-INF/jsp/footer.jsp" />
	</definition>
	<definition name="regionalDetailsPopUp" 
		template="/WEB-INF/jsp/patientLayout.jsp">
		<put-attribute name="title" value="HMS management" />
		<put-attribute name="header" value="/WEB-INF/jsp/popup/PatientHeader.jsp" />
		<put-attribute name="leftmenu" value="" />
		<put-attribute name="body" value="/WEB-INF/jsp/popup/RegionalDetails.jsp" />
		<put-attribute name="footer" value="/WEB-INF/jsp/footer.jsp" />
	</definition>
	<definition name="familyDetailsPopUp" 
		template="/WEB-INF/jsp/patientLayout.jsp">
		<put-attribute name="title" value="HMS management" />
		<put-attribute name="header" value="/WEB-INF/jsp/popup/PatientHeader.jsp" />
		<put-attribute name="leftmenu" value="" />
		<put-attribute name="body" value="/WEB-INF/jsp/popup/FamilyDetails.jsp" />
		<put-attribute name="footer" value="/WEB-INF/jsp/footer.jsp" />
	</definition>
	<definition name="displayVaccinationChartPopUp" 
		template="/WEB-INF/jsp/layout1.jsp">
		<put-attribute name="title" value="HMS management" />
		<put-attribute name="body" value="/WEB-INF/jsp/popup/VaccinationChart.jsp" />
		<put-attribute name="footer" value="/WEB-INF/jsp/footer.jsp" />
	</definition>

	<definition name="displayVaccinationChartsubPopUp" 
		template="/WEB-INF/jsp/layout1.jsp">
		<put-attribute name="title" value="HMS management" />
		<put-attribute name="header" value="" />
		<put-attribute name="body" value="/WEB-INF/jsp/subpopups/selectpatientsubpopup.jsp" />
		<put-attribute name="footer" value="/WEB-INF/jsp/footer.jsp" />
	</definition>
	<definition name="dischargeDetailsPopoup" template="/WEB-INF/jsp/patientLayout.jsp">
		<put-attribute name="title" value="HMS management" />
		<put-attribute name="header" value="/WEB-INF/jsp/popup/" />
		<put-attribute name="leftmenu" value="" />
		<put-attribute name="body" value="/WEB-INF/jsp/popup/DischargeDetailsPopup.jsp" />
		<put-attribute name="footer" value="/WEB-INF/jsp/footer.jsp" />
	</definition>
	<definition name="selectPatientForDischargeDetails"
	         template="/WEB-INF/jsp/layout1.jsp" >
	<put-attribute name="title" value="HMS management"/>
	<put-attribute name="header" value=""/>
	<put-attribute name="body" value="/WEB-INF/jsp/subpopups/SelectAdmittedPatientForDischarge.jsp"/>
	<put-attribute name="footer" value="/WEB-INF/jsp/footer.jsp"/>
	</definition>
	<definition name="operativeNotesPopoup" 
		template="/WEB-INF/jsp/patientLayout.jsp">
		<put-attribute name="title" value="HMS management" />
		<put-attribute name="header" value="" />
		<put-attribute name="leftmenu" value="" />
		<put-attribute name="body" value="/WEB-INF/jsp/popup/OperativeNotesPopup.jsp" />
		<put-attribute name="footer" value="/WEB-INF/jsp/footer.jsp" />
	</definition>
	<definition name="externalMedicationPopoup" 
		template="/WEB-INF/jsp/patientLayout.jsp">
		<put-attribute name="title" value="HMS management" />
		<put-attribute name="header" value="/WEB-INF/jsp/popup/DischargeDetailsPopupHeader.jsp" />
		<put-attribute name="leftmenu" value="" />
		<put-attribute name="body" value="/WEB-INF/jsp/popup/ExternalMedication.jsp" />
		<put-attribute name="footer" value="/WEB-INF/jsp/footer.jsp" />
	</definition>
	<definition name="internalMedicationPopoup" 
		template="/WEB-INF/jsp/patientLayout.jsp">
		<put-attribute name="title" value="HMS management" />
		<put-attribute name="header" value="/WEB-INF/jsp/popup/DischargeDetailsPopupHeader.jsp" />
		<put-attribute name="leftmenu" value="" />
		<put-attribute name="body" value="/WEB-INF/jsp/popup/InternalMedication.jsp" />
		<put-attribute name="footer" value="/WEB-INF/jsp/footer.jsp" />
	</definition>
	<definition name="displayvisistdetailspopup" 
		template="/WEB-INF/jsp/patientLayout.jsp">
		<put-attribute name="title" value="HMS management" />
		<put-attribute name="header" value="/WEB-INF/jsp/popup/visistdetailspopup.jsp" />
		<put-attribute name="body" value="/WEB-INF/jsp/popup/LinkVisitDetails.jsp"/>
		<put-attribute name="footer" value="/WEB-INF/jsp/footer.jsp" />
	</definition>
	<definition name="displayexternalmedicationpopup" 
		template="/WEB-INF/jsp/patientLayout.jsp">
		<put-attribute name="title" value="HMS management" />
		<put-attribute name="header" value="/WEB-INF/jsp/popup/visistdetailspopup.jsp" />
		<put-attribute name="body" value="/WEB-INF/jsp/popup/ExternalMedication.jsp" />
		<put-attribute name="footer" value="/WEB-INF/jsp/footer.jsp" />
	</definition>	
	<definition name="displayinternalmedicationpopup" 
		template="/WEB-INF/jsp/patientLayout.jsp">
		<put-attribute name="title" value="HMS management" />
		<put-attribute name="header" value="/WEB-INF/jsp/popup/visistdetailspopup.jsp" />
		<put-attribute name="body" value="/WEB-INF/jsp/popup/InternalMedication.jsp" />
		<put-attribute name="footer" value="/WEB-INF/jsp/footer.jsp" />
	</definition>
	<definition name="displaybilldetailspopup" 
		template="/WEB-INF/jsp/patientLayout.jsp">
		<put-attribute name="title" value="HMS management" />
		<put-attribute name="header" value="/WEB-INF/jsp/popup/visistdetailspopup.jsp" />
		<put-attribute name="body" value="/WEB-INF/jsp/popup/BillDetails.jsp" />
		<put-attribute name="footer" value="/WEB-INF/jsp/footer.jsp" />
	</definition>
	<definition name="cmaster" 
		template="/WEB-INF/jsp/layout.jsp">
		<put-attribute name="title" value="HMS management" />
		<put-attribute name="header" value="/WEB-INF/jsp/header.jsp" />
		<put-attribute name="leftmenu" value="/WEB-INF/jsp/leftmenu_consent.jsp" />
		<put-attribute name="body" value="/WEB-INF/jsp/consentmaster.jsp" />
		<put-attribute name="footer" value="/WEB-INF/jsp/footer.jsp" />
	</definition>
	<definition name="cform" 
		template="/WEB-INF/jsp/layout.jsp">
		<put-attribute name="title" value="HMS management" />
		<put-attribute name="header" value="/WEB-INF/jsp/header.jsp" />
		<put-attribute name="leftmenu" value="/WEB-INF/jsp/leftmenu_consent.jsp" />
		<put-attribute name="body" value="/WEB-INF/jsp/consentform.jsp" />
		<put-attribute name="footer" value="/WEB-INF/jsp/footer.jsp" />
	</definition>
	<definition name="consentmasterpopup" 
		template="/WEB-INF/jsp/patientLayout.jsp">
		<put-attribute name="title" value="HMS management" />
		<put-attribute name="header" value="" />
		<put-attribute name="leftmenu" value="" />
		<put-attribute name="body" value="/WEB-INF/jsp/popup/consent.jsp" />
		<put-attribute name="footer" value="/WEB-INF/jsp/footer.jsp" />
	</definition>
	<definition name="consentformpopup" 
		template="/WEB-INF/jsp/patientLayout.jsp">
		<put-attribute name="title" value="HMS management" />
		<put-attribute name="header" value="" />
		<put-attribute name="leftmenu" value="" />
		<put-attribute name="body" value="/WEB-INF/jsp/popup/consentdetails.jsp" />
		<put-attribute name="footer" value="/WEB-INF/jsp/footer.jsp" />
	</definition>
	<definition name="consentsubpopup" 
		template="/WEB-INF/jsp/layout1.jsp">
		<put-attribute name="title" value="HMS management" />
		<put-attribute name="header" value="" />
		<put-attribute name="body" value="/WEB-INF/jsp/subpopups/selectPatientForConsent.jsp" />
		<put-attribute name="footer" value="/WEB-INF/jsp/footer.jsp" />
	</definition>
		<definition name="accountbilldetails" 
		template="/WEB-INF/jsp/layout.jsp">
		<put-attribute name="title" value="HMS management" />
		<put-attribute name="header" value="/WEB-INF/jsp/header.jsp" />
		<put-attribute name="leftmenu" value="/WEB-INF/jsp/leftmenu_main.jsp" />
		<put-attribute name="body" value="/WEB-INF/jsp/AccountBillDetails.jsp" />
		<put-attribute name="footer" value="/WEB-INF/jsp/footer.jsp" />
	</definition>
	<definition name="accountbillingdetails" 
		template="/WEB-INF/jsp/layout1.jsp">
		<put-attribute name="title" value="HMS management" />
		<put-attribute name="header" value="/WEB-INF/jsp/header.jsp" />
		<put-attribute name="leftmenu" value="/WEB-INF/jsp/leftmenu_accounts.jsp" />
		<put-attribute name="body" value="/WEB-INF/jsp/popup/AccountBillingDetails.jsp" />
		<put-attribute name="footer" value="/WEB-INF/jsp/footer.jsp" />
	</definition>
	<definition name="selectPatientForTestDetails"
	template="/WEB-INF/jsp/layout1.jsp" >
	<put-attribute name="title" value="HMS management"/>
	<put-attribute name="header" value=""/>
	<put-attribute name="body" value="/WEB-INF/jsp/subpopups/select patientsubpopup.jsp"/>
	<put-attribute name="footer" value="/WEB-INF/jsp/footer.jsp"/>
	</definition>
	<definition name="subpopup" 
		template="/WEB-INF/jsp/layout1.jsp">
		<put-attribute name="title" value="HMS management" />
        <put-attribute name="body" value="/WEB-INF/jsp/subpopups/selectConsentSubpopup.jsp" />
		<put-attribute name="footer" value="" />
	</definition>
	<definition name="selectPatientForAccountDetails"
	     template="/WEB-INF/jsp/layout1.jsp" >
	<put-attribute name="title" value="HMS management"/>
	<put-attribute name="body" value="/WEB-INF/jsp/subpopups/selectAccountSubpopup.jsp"/>
	<put-attribute name="footer" value="/WEB-INF/jsp/footer.jsp"/>
	</definition>
	<definition name="fillBedDetails" 
		template="/WEB-INF/jsp/layout1.jsp">
		<put-attribute name="title" value="HMS management" />
		<put-attribute name="header" value="" />
		<put-attribute name="body" value="/WEB-INF/jsp/subpopups/select patientsubpopup.jsp" />
		<put-attribute name="footer" value="/WEB-INF/jsp/footer.jsp" />
	</definition>
	<definition name="patient" 
		template="/WEB-INF/jsp/layout1.jsp">
		<put-attribute name="title" value="HMS management" />
		<put-attribute name="header" value="" />
		<put-attribute name="body" value="/WEB-INF/jsp/subpopups/selectpatient.jsp" />
		<put-attribute name="footer" value="/WEB-INF/jsp/footer.jsp" />
	</definition>
	<definition name="bedStatus" 
		template="/WEB-INF/jsp/layout1.jsp">
		<put-attribute name="title" value="HMS management" />
		<put-attribute name="header" value="" />
		<put-attribute name="body" value="/WEB-INF/jsp/popup/bedStatus.jsp" />
		<put-attribute name="footer" value="/WEB-INF/jsp/footer.jsp" />
	</definition>
	<definition name="SelectPatientForAppointment" 
		template="/WEB-INF/jsp/layout1.jsp">
		<put-attribute name="title" value="HMS management" />
		<put-attribute name="header" value="" />
		<put-attribute name="body" value="/WEB-INF/jsp/subpopups/SelectPatientForAppointment.jsp" />
		<put-attribute name="footer" value="/WEB-INF/jsp/footer.jsp" />
	</definition>
	<definition name="SelectPatientDetailsForVisit" 
		template="/WEB-INF/jsp/layout1.jsp">
		<put-attribute name="title" value="HMS management" />
		<put-attribute name="header" value="" />
		<put-attribute name="body" value="/WEB-INF/jsp/subpopups/SelectPatientForVisitDetails.jsp" />
		<put-attribute name="footer" value="/WEB-INF/jsp/footer.jsp" />
	</definition>
		<definition name="bedAvailable" 
		template="/WEB-INF/jsp/layout1.jsp">
		<put-attribute name="title" value="HMS management" />
		<put-attribute name="header" value="" />
		<put-attribute name="body" value="/WEB-INF/jsp/subpopups/bedStatus.jsp" />
		<put-attribute name="footer" value="/WEB-INF/jsp/footer.jsp" />
	</definition>
	<definition name="SelectPatientForAdmission" 
		template="/WEB-INF/jsp/layout1.jsp">
		<put-attribute name="title" value="HMS management" />
		<put-attribute name="header" value="" />
		<put-attribute name="body" value="/WEB-INF/jsp/subpopups/SelectPatientForAdmission.jsp" />
		<put-attribute name="footer" value="/WEB-INF/jsp/footer.jsp" />
	</definition>
	<definition name="abouthms" 
		template="/WEB-INF/jsp/layout1.jsp">
		<put-attribute name="title" value="" />
		<put-attribute name="header" value="" />
		<put-attribute name="body" value="/WEB-INF/jsp/subpopups/abouthms.jsp" />
		<put-attribute name="footer" value="" />
	</definition>

	 <definition name="forgotpassword"
		template="/WEB-INF/jsp/loginLayout.jsp">
		<put-attribute name="title" value="login page" />
		<put-attribute name="header" value="/WEB-INF/jsp/loginHeader.jsp" />
		<put-attribute name="leftmenu" value="" />
		<put-attribute name="body" value="/WEB-INF/jsp/subpopups/forgotPassword.jsp" />
		<put-attribute name="footer" value="" />
	</definition> 
	
</tiles-definitions>